{"colors": [[0.81, 0.42999999999999994, -0.30999999999999994], [0.010000000000000009, 0.010000000000000009, 0.010000000000000009], [0.8700000000000001, 0.71, 0.13000000000000012]], "concentrations_co2_aq": [1.0, 0.0, 0.0], "concentrations_co2_g": [0.0, 0.0, 1.0]}