{"drift": {"roi": [[6716, 61], [7610, 577]]}, "color": {"roi": [[6803, 74], [6809, 552], [7524, 551], [7513, 75]]}, "curvature": {"crop": {"width": 0.899, "height": 0.55, "pts_src": [[353.7625141848448, 13.900201740008015], [323.4006430462746, 4455.408208296558], [7705.6727398814755, 4429.38374732064], [7675.310868742906, 13.900201740008015]]}}}