{"drift": {"roi": [[6684, 32], [7630, 593]]}, "color": {"roi": [[6805, 69], [6808, 550], [7524, 548], [7514, 71]]}, "curvature": {"crop": {"width": 0.899, "height": 0.55, "pts_src": [[368.241935483871, 32.66774193548372], [352.2096774193549, 4409.474193548387], [7646.887096774193, 4361.377419354839], [7646.887096774193, 16.63548387096762]]}}}