{"drift": {"roi": [[6717, 48], [7550, 529]]}, "color": {"roi": [[6800, 68], [6808, 547], [7526, 547], [7514, 74]]}, "curvature": {"crop": {"width": 0.899, "height": 0.55, "pts_src": [[368.241935483871, 16.63548387096762], [336.1774193548388, 4377.409677419355], [7646.887096774193, 4345.345161290323], [7630.854838709678, 16.63548387096762]]}}}