{"drift": {"roi": [[6700, 16], [7598, 577]]}, "color": {"roi": [[6805, 69], [6811, 544], [7524, 544], [7516, 67]]}, "curvature": {"crop": {"width": 0.899, "height": 0.55, "pts_src": [[368.241935483871, 16.63548387096762], [368.241935483871, 4377.409677419355], [7646.887096774193, 4377.409677419355], [7630.854838709678, 48.69999999999982]]}}}